ontology ID	label	editor preferred term	has curation status	alternative term	definition	definition source	example of usage	term editor	editor note	curator note	ontology term requester	term tracker item	logical type	type	parent class	referenced category labels	unit label	specified value	referenced quality	sorting context	sorted object	sort index	associated axioms
ID	AL rdfs:label@en	AL obo:IAO_0000111@en	AI obo:IAO_0000114	AL obo:IAO_0000118@en SPLIT=|	AL obo:IAO_0000115@en SPLIT=|	A obo:IAO_0000119 SPLIT=|	AL obo:IAO_0000112@en SPLIT=|	A obo:IAO_0000117 SPLIT=,	AL obo:IAO_0000116@en SPLIT=|	AL obo:IAO_0000232@en SPLIT=|	A obo:IAO_0000234	A obo:IAO_0000233	CLASS_TYPE	TYPE	C %	SC %	SC %	SC %	SC %	SC 'is about' exactly 1 %	I 'is about'	I 'sort as'	C %
fordisc:AuricularDemifaceTopographyValueSpecification	Auricular demiface topography value specification				A value specification specifying category labels for the description of the auricular face of the sacroiliac joint.	Milner, George R. & Boldsen, Jesper L. (2013). Transition Analysis Age Estimation: Skeletal Scoring Manual. Fordisc Version 1.00,  p. 8/9.		"https://orcid.org/0009-0008-3871-9762 """"Felix Engel"""""					subclass		obo:OBI_0001930	('has category label' exactly 1 ({fordisc:UndulatingDemifaceTopography,fordisc:MedianElevationOnDemiface,fordisc:FlatToIrregularDemifaceTopography}))							
fordisc:AuricularDemifaceTopographyLabelSorting	Sorting directive for an auricular demiface topography label				A sorting specification that determines the order of category labels in an auricular demiface topography value specification.	Milner, George R. & Boldsen, Jesper L. (2013). Transition Analysis Age Estimation: Skeletal Scoring Manual. Fordisc Version 1.00,  p. 8/9.		"https://orcid.org/0009-0008-3871-9762 """"Felix Engel"""""					subclass		rdfbones:LabelSortingSpecification					fordisc:AuricularDemifaceTopographyValueSpecification			
fordisc:AuricularDemifaceTopographyLabelSorting01	1. Undulating							"https://orcid.org/0009-0008-3871-9762 """"Felix Engel"""""						fordisc:AuricularDemifaceTopographyLabelSorting							fordisc:UndulatingDemifaceTopography	#01	
fordisc:AuricularDemifaceTopographyLabelSorting02	2. Median elevation							"https://orcid.org/0009-0008-3871-9762 """"Felix Engel"""""						fordisc:AuricularDemifaceTopographyLabelSorting							fordisc:MedianElevationOnDemiface	#02	
fordisc:AuricularDemifaceTopographyLabelSorting03	3. Flat to irregular							"https://orcid.org/0009-0008-3871-9762 """"Felix Engel"""""						fordisc:AuricularDemifaceTopographyLabelSorting							fordisc:FlatToIrregularDemifaceTopography	#03	
fordisc:AuricularSurfaceCharacteristicsValueSpecification	Auricular surface characteristics value specification				A value specification specifying category labels for the description of characteristics of the auricular face of the sacroiliac joint.	Milner, George R. & Boldsen, Jesper L. (2013). Transition Analysis Age Estimation: Skeletal Scoring Manual. Fordisc Version 1.00,  p. 9-11.		"https://orcid.org/0009-0008-3871-9762 """"Felix Engel"""""					subclass		obo:OBI_0001930	('has category label' exactly 1 ({fordisc:OverTwoThirdsOfAuricularSurfaceCoveredByBillows,fordisc:OneToTwoThirdsOfAuricularSurfaceCoveredByBillows,fordisc:UnderOneThirdOfAuricularSurfaceCoveredByBillows,fordisc:FlatAuricularSurface,fordisc:BumpsOnAuricularSurface}))							
fordisc:AuricularSurfaceCharacteristicsLabelSorting	Sorting directive for a auricular surface characteristics label				A sorting specification that determines the order of category labels in an auricular surface characteristics value specification.	Milner, George R. & Boldsen, Jesper L. (2013). Transition Analysis Age Estimation: Skeletal Scoring Manual. Fordisc Version 1.00,  p. 9-11.		"https://orcid.org/0009-0008-3871-9762 """"Felix Engel"""""					subclass		rdfbones:LabelSortingSpecification					fordisc:AuricularSurfaceCharacteristicsValueSpecification			
fordisc:AuricularSurfaceCharacteristicsLabelSorting01	1. >2/3 covered by billows							"https://orcid.org/0009-0008-3871-9762 """"Felix Engel"""""						fordisc:AuricularSurfaceCharacteristicsLabelSorting							fordisc:OverTwoThirdsOfAuricularSurfaceCoveredByBillows	#1	
fordisc:AuricularSurfaceCharacteristicsLabelSorting02	2. 1/3-2/3 covered by billows							"https://orcid.org/0009-0008-3871-9762 """"Felix Engel"""""						fordisc:AuricularSurfaceCharacteristicsLabelSorting							fordisc:OneToTwoThirdsOfAuricularSurfaceCoveredByBillows	#2	
fordisc:AuricularSurfaceCharacteristicsLabelSorting03	3. <1/3 covered by billows							"https://orcid.org/0009-0008-3871-9762 """"Felix Engel"""""						fordisc:AuricularSurfaceCharacteristicsLabelSorting							fordisc:UnderOneThirdOfAuricularSurfaceCoveredByBillows	#3	
fordisc:AuricularSurfaceCharacteristicsLabelSorting04	4. Flat (no billows)							"https://orcid.org/0009-0008-3871-9762 """"Felix Engel"""""						fordisc:AuricularSurfaceCharacteristicsLabelSorting							fordisc:FlatAuricularSurface	#4	
fordisc:AuricularSurfaceCharacteristicsLabelSorting05	5. Bumps							"https://orcid.org/0009-0008-3871-9762 """"Felix Engel"""""						fordisc:AuricularSurfaceCharacteristicsLabelSorting							fordisc:BumpsOnAuricularSurface	#5	
fordisc:AuricularSurfaceTextureValueSpecification	Auricular surface texture value specification				A value specification specifying category labels for the description of the surface texture of the auricular surface in a sacroiliac joint.	Milner, George R. & Boldsen, Jesper L. (2013). Transition Analysis Age Estimation: Skeletal Scoring Manual. Fordisc Version 1.00,  p. 11.		"https://orcid.org/0009-0008-3871-9762 """"Felix Engel"""""					subclass		obo:OBI_0001930	('has category label' exactly 1 ({fordisc:SmoothAuricularSurfaceTexture,fordisc:MicroporosityOnAuricularSurface,fordisc:MacroporosityOnAuricularSurface}))							
fordisc:AuricularSurfaceTextureLabelSorting	Sorting directive for an auricular surface texture label				A sorting specification that determines the order of category labels in an auricular surface texture value specification.	Milner, George R. & Boldsen, Jesper L. (2013). Transition Analysis Age Estimation: Skeletal Scoring Manual. Fordisc Version 1.00,  p. 11.		"https://orcid.org/0009-0008-3871-9762 """"Felix Engel"""""					subclass		rdfbones:LabelSortingSpecification					fordisc:AuricularSurfaceTextureValueSpecification			
fordisc:AuricularSurfaceTextureLabelSorting01	1. Smooth							"https://orcid.org/0009-0008-3871-9762 """"Felix Engel"""""						fordisc:AuricularSurfaceTextureLabelSorting							fordisc:SmoothAuricularSurfaceTexture	#1	
fordisc:AuricularSurfaceTextureLabelSorting02	2. Microporosity							"https://orcid.org/0009-0008-3871-9762 """"Felix Engel"""""						fordisc:AuricularSurfaceTextureLabelSorting							fordisc:MicroporosityOnAuricularSurface	#2	
fordisc:AuricularSurfaceTextureLabelSorting03	3. Macroporosity							"https://orcid.org/0009-0008-3871-9762 """"Felix Engel"""""						fordisc:AuricularSurfaceTextureLabelSorting							fordisc:MacroporosityOnAuricularSurface	#3	
fordisc:DorsalPubicSymphysealMarginValueSpecification	Dorsal pubic symphyseal margin value specification				A value specification specifying category labels for the description of the dorsal part of the pubic symphysis.	Milner, George R. & Boldsen, Jesper L. (2013). Transition Analysis Age Estimation: Skeletal Scoring Manual. Fordisc Version 1.00,  p. 7/8.		"https://orcid.org/0009-0008-3871-9762 """"Felix Engel"""""					subclass		obo:OBI_0001930	('has category label' exactly 1 ({fordisc:SerratedDorsalSymphysealMargin,fordisc:FlatteningOfDorsalDemifaceIncomplete,fordisc:FlatteningOfDorsalDemifaceComplete,fordisc:RimOnDorsalSymphysealMargin,fordisc:BreakdownOfDorsalSymphysealMargin}))							
fordisc:DorsalPubicSymphysealMarginLabelSorting	Sorting directive for a dorsal pubic symphyseal margin label				A sorting specification that determines the order of category labels in a dorsal pubic symphyseal margin value specification.	Milner, George R. & Boldsen, Jesper L. (2013). Transition Analysis Age Estimation: Skeletal Scoring Manual. Fordisc Version 1.00,  p. 7/8.		"https://orcid.org/0009-0008-3871-9762 """"Felix Engel"""""					subclass		rdfbones:LabelSortingSpecification					fordisc:DorsalPubicSymphysealMarginValueSpecification			
fordisc:DorsalPubicSymphysealMarginLabelSorting01	1. Serrated							"https://orcid.org/0009-0008-3871-9762 """"Felix Engel"""""						fordisc:DorsalPubicSymphysealMarginLabelSorting							fordisc:SerratedDorsalSymphysealMargin	#1	
fordisc:DorsalPubicSymphysealMarginLabelSorting02	2. Flattening incomplete							"https://orcid.org/0009-0008-3871-9762 """"Felix Engel"""""						fordisc:DorsalPubicSymphysealMarginLabelSorting							fordisc:FlatteningOfDorsalDemifaceIncomplete	#2	
fordisc:DorsalPubicSymphysealMarginLabelSorting03	3. Flattening complete							"https://orcid.org/0009-0008-3871-9762 """"Felix Engel"""""						fordisc:DorsalPubicSymphysealMarginLabelSorting							fordisc:FlatteningOfDorsalDemifaceComplete	#3	
fordisc:DorsalPubicSymphysealMarginLabelSorting04	4. Rim							"https://orcid.org/0009-0008-3871-9762 """"Felix Engel"""""						fordisc:DorsalPubicSymphysealMarginLabelSorting							fordisc:RimOnDorsalSymphysealMargin	#4	
fordisc:DorsalPubicSymphysealMarginLabelSorting05	5. Breakdown							"https://orcid.org/0009-0008-3871-9762 """"Felix Engel"""""						fordisc:DorsalPubicSymphysealMarginLabelSorting							fordisc:BreakdownOfDorsalSymphysealMargin	#5	
fordisc:DorsalPubicSymphysealTextureValueSpecification	Dorsal pubic symphyseal texture value specification				A value specification specifying category labels for the description of the texture of the dorsal demiface of the pubic symphysis.	Milner, George R. & Boldsen, Jesper L. (2013). Transition Analysis Age Estimation: Skeletal Scoring Manual. Fordisc Version 1.00,  p. 4/5.		"https://orcid.org/0009-0008-3871-9762 """"Felix Engel"""""					subclass		obo:OBI_0001930	('has category label' exactly 1 ({fordisc:SmoothDorsalPubicSymphysealTexture,fordisc:CoarseGrainedDorsalPubicSymphysealTexture,fordisc:MicroporosityOnDorsalPubicSymphysis,fordisc:MacroporosityOnDorsalPubicSymphysis}))							
fordisc:DorsalPubicSymphysealTextureLabelSorting	Sorting directive for a dorsal pubic symphyseal texture label				A sorting specification that determines the order of category labels in a dorsal pubic symphyseal texture value specification.	Milner, George R. & Boldsen, Jesper L. (2013). Transition Analysis Age Estimation: Skeletal Scoring Manual. Fordisc Version 1.00,  p. 4/5.		"https://orcid.org/0009-0008-3871-9762 """"Felix Engel"""""					subclass		rdfbones:LabelSortingSpecification					fordisc:DorsalPubicSymphysealTextureValueSpecification			
fordisc:DorsalPubicSymphysealTextureLabelSorting01	1. Smooth (fine grained)							"https://orcid.org/0009-0008-3871-9762 """"Felix Engel"""""						fordisc:DorsalPubicSymphysealTextureLabelSorting							fordisc:SmoothDorsalPubicSymphysealTexture	#1	
fordisc:DorsalPubicSymphysealTextureLabelSorting02	2. Coarse grained (little net)							"https://orcid.org/0009-0008-3871-9762 """"Felix Engel"""""						fordisc:DorsalPubicSymphysealTextureLabelSorting							fordisc:CoarseGrainedDorsalPubicSymphysealTexture	#2	
fordisc:DorsalPubicSymphysealTextureLabelSorting03	3. Microporosity							"https://orcid.org/0009-0008-3871-9762 """"Felix Engel"""""						fordisc:DorsalPubicSymphysealTextureLabelSorting							fordisc:MicroporosityOnDorsalPubicSymphysis	#3	
fordisc:DorsalPubicSymphysealTextureLabelSorting04	4. Macroporosity							"https://orcid.org/0009-0008-3871-9762 """"Felix Engel"""""						fordisc:DorsalPubicSymphysealTextureLabelSorting							fordisc:MacroporosityOnDorsalPubicSymphysis	#4	
fordisc:InterpalatineSutureObliterationValueSpecification	Interpalatine suture obliteration value specification				A value specification specifying category labels for the description of the interpalatine suture.	Milner, George R. & Boldsen, Jesper L. (2013). Transition Analysis Age Estimation: Skeletal Scoring Manual. Fordisc Version 1.00,  p. 15.		"https://orcid.org/0009-0008-3871-9762 """"Felix Engel"""""					subclass		obo:OBI_0001930	('has category label' exactly 1 ({fordisc:OpenOrJuxtaposedSuture,fordisc:PartiallyObliteratedSuture,fordisc:PunctuatedSutureObliteration,fordisc:ObliteratedSture}))							
fordisc:InterpalatineStureObliterationLabelSorting	Sorting directive for an interpalatine suture obliteration label				A sorting specification that determines the order of category labels in an interpalatine suture obliteration value specification.	Milner, George R. & Boldsen, Jesper L. (2013). Transition Analysis Age Estimation: Skeletal Scoring Manual. Fordisc Version 1.00,  p. 15.		"https://orcid.org/0009-0008-3871-9762 """"Felix Engel"""""					subclass		rdfbones:LabelSortingSpecification					fordisc:InterpalatineSutureObliterationValueSpecification			
fordisc:InterpalatineStureObliterationLabelSorting01	1. Open (open and juxtaposed)							"https://orcid.org/0009-0008-3871-9762 """"Felix Engel"""""						fordisc:InterpalatineStureObliterationLabelSorting							fordisc:OpenOrJuxtaposedSuture	#1	
fordisc:InterpalatineStureObliterationLabelSorting02	3. Partially obliterated							"https://orcid.org/0009-0008-3871-9762 """"Felix Engel"""""						fordisc:InterpalatineStureObliterationLabelSorting							fordisc:PartiallyObliteratedSuture	#2	
fordisc:InterpalatineStureObliterationLabelSorting03	4. Punctuated							"https://orcid.org/0009-0008-3871-9762 """"Felix Engel"""""						fordisc:InterpalatineStureObliterationLabelSorting							fordisc:PunctuatedSutureObliteration	#3	
fordisc:InterpalatineStureObliterationLabelSorting04	5. Obliterated							"https://orcid.org/0009-0008-3871-9762 """"Felix Engel"""""						fordisc:InterpalatineStureObliterationLabelSorting							fordisc:ObliteratedSture	#4	
fordisc:PosteriorAuricularExostosesValueSpecification	Posterior auricular exostoses value specification				A value specification specifying category labels for the description of the morphology of the medial surface of the posterior ilium where ligaments attach.	Milner, George R. & Boldsen, Jesper L. (2013). Transition Analysis Age Estimation: Skeletal Scoring Manual. Fordisc Version 1.00,  p. 11/12.		"https://orcid.org/0009-0008-3871-9762 """"Felix Engel"""""					subclass		obo:OBI_0001930	('has category label' exactly 1 ({fordisc:SmoothPosteriorAuricularRegion,fordisc:RoundedPosteriorAuricularExostoses,fordisc:PointedPosteriorAuricularExostoses,fordisc:JaggedPosteriorAuricularExostoses,fordisc:TouchingPosteriorAuricularExostoses,fordisc:FusionOfIliumAndSacrum}))							
fordisc:PosteriorAuricularExostosesLabelSorting	Sorting directive for a posterior auricular exostoses label				A sorting specification that determines the order of category labels in a posterior auricular exostoses value specification.	Milner, George R. & Boldsen, Jesper L. (2013). Transition Analysis Age Estimation: Skeletal Scoring Manual. Fordisc Version 1.00,  p. 11/12.		"https://orcid.org/0009-0008-3871-9762 """"Felix Engel"""""					subclass		rdfbones:LabelSortingSpecification					fordisc:PosteriorAuricularExostosesValueSpecification			
fordisc:PosteriorAuricularExostosesLabelSorting01	1. Smooth (no exostoses or spicules)							"https://orcid.org/0009-0008-3871-9762 """"Felix Engel"""""						fordisc:PosteriorAuricularExostosesLabelSorting							fordisc:SmoothPosteriorAuricularRegion	#1	
fordisc:PosteriorAuricularExostosesLabelSorting02	2. Rounded exostoses							"https://orcid.org/0009-0008-3871-9762 """"Felix Engel"""""						fordisc:PosteriorAuricularExostosesLabelSorting							fordisc:RoundedPosteriorAuricularExostoses	#2	
fordisc:PosteriorAuricularExostosesLabelSorting03	3. Pointed exostoses							"https://orcid.org/0009-0008-3871-9762 """"Felix Engel"""""						fordisc:PosteriorAuricularExostosesLabelSorting							fordisc:PointedPosteriorAuricularExostoses	#3	
fordisc:PosteriorAuricularExostosesLabelSorting04	4. Jagged exostoses							"https://orcid.org/0009-0008-3871-9762 """"Felix Engel"""""						fordisc:PosteriorAuricularExostosesLabelSorting							"
fordisc:JaggedPosteriorAuricularExostoses"	#4	
fordisc:PosteriorAuricularExostosesLabelSorting05	5. Touching exostoses							"https://orcid.org/0009-0008-3871-9762 """"Felix Engel"""""						fordisc:PosteriorAuricularExostosesLabelSorting							fordisc:TouchingPosteriorAuricularExostoses	#5	
fordisc:PosteriorAuricularExostosesLabelSorting06	6. Fusion							"https://orcid.org/0009-0008-3871-9762 """"Felix Engel"""""						fordisc:PosteriorAuricularExostosesLabelSorting							fordisc:FusionOfIliumAndSacrum	#6	
